participant_id	Age	Gender	Drug	DOB
sub-55809	33.97672827	F	PSI	27-Aug-86
sub-57460	28.90896646	M	PSI	25-Jul-92
sub-57507	26.57631759	M	PSI	9-Feb-95
